"","vote","gender"
"1","rep","male"
"2","rep","male"
"3","rep","male"
"4","rep","male"
"5","rep","male"
"6","rep","male"
"7","rep","male"
"8","rep","male"
"9","rep","male"
"10","rep","male"
"11","rep","male"
"12","rep","male"
"13","rep","male"
"14","rep","male"
"15","rep","male"
"16","rep","male"
"17","rep","male"
"18","rep","male"
"19","rep","male"
"20","rep","male"
"21","rep","male"
"22","rep","male"
"23","rep","male"
"24","rep","male"
"25","rep","male"
"26","rep","male"
"27","rep","male"
"28","rep","male"
"29","rep","male"
"30","rep","male"
"31","rep","male"
"32","rep","male"
"33","rep","male"
"34","rep","male"
"35","rep","male"
"36","rep","male"
"37","rep","male"
"38","rep","male"
"39","rep","male"
"40","rep","male"
"41","rep","male"
"42","rep","male"
"43","rep","male"
"44","rep","male"
"45","rep","male"
"46","rep","male"
"47","rep","male"
"48","rep","male"
"49","rep","male"
"50","rep","male"
"51","rep","male"
"52","rep","male"
"53","rep","male"
"54","rep","male"
"55","rep","male"
"56","rep","male"
"57","rep","male"
"58","rep","male"
"59","rep","male"
"60","rep","male"
"61","rep","male"
"62","rep","male"
"63","rep","male"
"64","rep","male"
"65","rep","male"
"66","rep","male"
"67","rep","male"
"68","rep","male"
"69","rep","male"
"70","rep","male"
"71","rep","male"
"72","rep","male"
"73","rep","male"
"74","rep","male"
"75","rep","male"
"76","rep","male"
"77","rep","male"
"78","rep","male"
"79","rep","male"
"80","rep","male"
"81","rep","male"
"82","rep","male"
"83","rep","male"
"84","rep","male"
"85","rep","male"
"86","rep","male"
"87","rep","male"
"88","rep","male"
"89","rep","male"
"90","rep","male"
"91","rep","male"
"92","rep","male"
"93","rep","male"
"94","rep","male"
"95","rep","male"
"96","rep","male"
"97","rep","male"
"98","rep","male"
"99","rep","male"
"100","rep","male"
"101","rep","male"
"102","rep","male"
"103","rep","male"
"104","rep","male"
"105","rep","male"
"106","rep","male"
"107","rep","male"
"108","rep","male"
"109","rep","male"
"110","rep","male"
"111","rep","male"
"112","rep","male"
"113","rep","male"
"114","rep","male"
"115","rep","male"
"116","rep","male"
"117","rep","male"
"118","rep","male"
"119","rep","male"
"120","rep","male"
"121","rep","male"
"122","rep","male"
"123","rep","male"
"124","rep","male"
"125","rep","male"
"126","rep","male"
"127","rep","male"
"128","rep","male"
"129","rep","male"
"130","rep","male"
"131","rep","male"
"132","rep","male"
"133","rep","male"
"134","rep","male"
"135","rep","male"
"136","rep","male"
"137","rep","male"
"138","rep","male"
"139","rep","male"
"140","rep","male"
"141","rep","male"
"142","rep","male"
"143","rep","male"
"144","rep","male"
"145","rep","male"
"146","rep","male"
"147","rep","male"
"148","rep","male"
"149","rep","male"
"150","rep","male"
"151","rep","male"
"152","rep","male"
"153","rep","male"
"154","rep","male"
"155","rep","male"
"156","rep","male"
"157","rep","male"
"158","rep","male"
"159","rep","male"
"160","rep","male"
"161","rep","male"
"162","rep","male"
"163","rep","male"
"164","rep","male"
"165","rep","male"
"166","rep","male"
"167","rep","male"
"168","rep","male"
"169","rep","male"
"170","rep","male"
"171","rep","male"
"172","rep","male"
"173","rep","male"
"174","rep","male"
"175","rep","male"
"176","rep","male"
"177","rep","male"
"178","rep","male"
"179","rep","male"
"180","rep","male"
"181","rep","male"
"182","rep","male"
"183","rep","male"
"184","rep","male"
"185","rep","male"
"186","rep","male"
"187","rep","male"
"188","rep","male"
"189","rep","male"
"190","rep","male"
"191","rep","male"
"192","rep","male"
"193","rep","male"
"194","rep","male"
"195","rep","male"
"196","rep","male"
"197","rep","male"
"198","rep","male"
"199","rep","male"
"200","rep","male"
"201","rep","fem"
"202","rep","fem"
"203","rep","fem"
"204","rep","fem"
"205","rep","fem"
"206","rep","fem"
"207","rep","fem"
"208","rep","fem"
"209","rep","fem"
"210","rep","fem"
"211","rep","fem"
"212","rep","fem"
"213","rep","fem"
"214","rep","fem"
"215","rep","fem"
"216","rep","fem"
"217","rep","fem"
"218","rep","fem"
"219","rep","fem"
"220","rep","fem"
"221","rep","fem"
"222","rep","fem"
"223","rep","fem"
"224","rep","fem"
"225","rep","fem"
"226","rep","fem"
"227","rep","fem"
"228","rep","fem"
"229","rep","fem"
"230","rep","fem"
"231","rep","fem"
"232","rep","fem"
"233","rep","fem"
"234","rep","fem"
"235","rep","fem"
"236","rep","fem"
"237","rep","fem"
"238","rep","fem"
"239","rep","fem"
"240","rep","fem"
"241","rep","fem"
"242","rep","fem"
"243","rep","fem"
"244","rep","fem"
"245","rep","fem"
"246","rep","fem"
"247","rep","fem"
"248","rep","fem"
"249","rep","fem"
"250","rep","fem"
"251","rep","fem"
"252","rep","fem"
"253","rep","fem"
"254","rep","fem"
"255","rep","fem"
"256","rep","fem"
"257","rep","fem"
"258","rep","fem"
"259","rep","fem"
"260","rep","fem"
"261","rep","fem"
"262","rep","fem"
"263","rep","fem"
"264","rep","fem"
"265","rep","fem"
"266","rep","fem"
"267","rep","fem"
"268","rep","fem"
"269","rep","fem"
"270","rep","fem"
"271","rep","fem"
"272","rep","fem"
"273","rep","fem"
"274","rep","fem"
"275","rep","fem"
"276","rep","fem"
"277","rep","fem"
"278","rep","fem"
"279","rep","fem"
"280","rep","fem"
"281","rep","fem"
"282","rep","fem"
"283","rep","fem"
"284","rep","fem"
"285","rep","fem"
"286","rep","fem"
"287","rep","fem"
"288","rep","fem"
"289","rep","fem"
"290","rep","fem"
"291","rep","fem"
"292","rep","fem"
"293","rep","fem"
"294","rep","fem"
"295","rep","fem"
"296","rep","fem"
"297","rep","fem"
"298","rep","fem"
"299","rep","fem"
"300","rep","fem"
"301","rep","fem"
"302","rep","fem"
"303","rep","fem"
"304","rep","fem"
"305","rep","fem"
"306","rep","fem"
"307","rep","fem"
"308","rep","fem"
"309","rep","fem"
"310","rep","fem"
"311","rep","fem"
"312","rep","fem"
"313","rep","fem"
"314","rep","fem"
"315","rep","fem"
"316","rep","fem"
"317","rep","fem"
"318","rep","fem"
"319","rep","fem"
"320","rep","fem"
"321","rep","fem"
"322","rep","fem"
"323","rep","fem"
"324","rep","fem"
"325","rep","fem"
"326","rep","fem"
"327","rep","fem"
"328","rep","fem"
"329","rep","fem"
"330","rep","fem"
"331","rep","fem"
"332","rep","fem"
"333","rep","fem"
"334","rep","fem"
"335","rep","fem"
"336","rep","fem"
"337","rep","fem"
"338","rep","fem"
"339","rep","fem"
"340","rep","fem"
"341","rep","fem"
"342","rep","fem"
"343","rep","fem"
"344","rep","fem"
"345","rep","fem"
"346","rep","fem"
"347","rep","fem"
"348","rep","fem"
"349","rep","fem"
"350","rep","fem"
"351","rep","fem"
"352","rep","fem"
"353","rep","fem"
"354","rep","fem"
"355","rep","fem"
"356","rep","fem"
"357","rep","fem"
"358","rep","fem"
"359","rep","fem"
"360","rep","fem"
"361","rep","fem"
"362","rep","fem"
"363","rep","fem"
"364","rep","fem"
"365","rep","fem"
"366","rep","fem"
"367","rep","fem"
"368","rep","fem"
"369","rep","fem"
"370","rep","fem"
"371","rep","fem"
"372","rep","fem"
"373","rep","fem"
"374","rep","fem"
"375","rep","fem"
"376","rep","fem"
"377","rep","fem"
"378","rep","fem"
"379","rep","fem"
"380","rep","fem"
"381","rep","fem"
"382","rep","fem"
"383","rep","fem"
"384","rep","fem"
"385","rep","fem"
"386","rep","fem"
"387","rep","fem"
"388","rep","fem"
"389","rep","fem"
"390","rep","fem"
"391","rep","fem"
"392","rep","fem"
"393","rep","fem"
"394","rep","fem"
"395","rep","fem"
"396","rep","fem"
"397","rep","fem"
"398","rep","fem"
"399","rep","fem"
"400","rep","fem"
"401","rep","fem"
"402","rep","fem"
"403","rep","fem"
"404","rep","fem"
"405","rep","fem"
"406","rep","fem"
"407","rep","fem"
"408","rep","fem"
"409","rep","fem"
"410","rep","fem"
"411","rep","fem"
"412","rep","fem"
"413","rep","fem"
"414","rep","fem"
"415","rep","fem"
"416","rep","fem"
"417","rep","fem"
"418","rep","fem"
"419","rep","fem"
"420","rep","fem"
"421","rep","fem"
"422","rep","fem"
"423","rep","fem"
"424","rep","fem"
"425","rep","fem"
"426","rep","fem"
"427","rep","fem"
"428","rep","fem"
"429","rep","fem"
"430","rep","fem"
"431","rep","fem"
"432","rep","fem"
"433","rep","fem"
"434","rep","fem"
"435","rep","fem"
"436","rep","fem"
"437","rep","fem"
"438","rep","fem"
"439","rep","fem"
"440","rep","fem"
"441","rep","fem"
"442","rep","fem"
"443","rep","fem"
"444","rep","fem"
"445","rep","fem"
"446","rep","fem"
"447","rep","fem"
"448","rep","fem"
"449","rep","fem"
"450","rep","fem"
"451","dem","male"
"452","dem","male"
"453","dem","male"
"454","dem","male"
"455","dem","male"
"456","dem","male"
"457","dem","male"
"458","dem","male"
"459","dem","male"
"460","dem","male"
"461","dem","male"
"462","dem","male"
"463","dem","male"
"464","dem","male"
"465","dem","male"
"466","dem","male"
"467","dem","male"
"468","dem","male"
"469","dem","male"
"470","dem","male"
"471","dem","male"
"472","dem","male"
"473","dem","male"
"474","dem","male"
"475","dem","male"
"476","dem","male"
"477","dem","male"
"478","dem","male"
"479","dem","male"
"480","dem","male"
"481","dem","male"
"482","dem","male"
"483","dem","male"
"484","dem","male"
"485","dem","male"
"486","dem","male"
"487","dem","male"
"488","dem","male"
"489","dem","male"
"490","dem","male"
"491","dem","male"
"492","dem","male"
"493","dem","male"
"494","dem","male"
"495","dem","male"
"496","dem","male"
"497","dem","male"
"498","dem","male"
"499","dem","male"
"500","dem","male"
"501","dem","male"
"502","dem","male"
"503","dem","male"
"504","dem","male"
"505","dem","male"
"506","dem","male"
"507","dem","male"
"508","dem","male"
"509","dem","male"
"510","dem","male"
"511","dem","male"
"512","dem","male"
"513","dem","male"
"514","dem","male"
"515","dem","male"
"516","dem","male"
"517","dem","male"
"518","dem","male"
"519","dem","male"
"520","dem","male"
"521","dem","male"
"522","dem","male"
"523","dem","male"
"524","dem","male"
"525","dem","male"
"526","dem","male"
"527","dem","male"
"528","dem","male"
"529","dem","male"
"530","dem","male"
"531","dem","male"
"532","dem","male"
"533","dem","male"
"534","dem","male"
"535","dem","male"
"536","dem","male"
"537","dem","male"
"538","dem","male"
"539","dem","male"
"540","dem","male"
"541","dem","male"
"542","dem","male"
"543","dem","male"
"544","dem","male"
"545","dem","male"
"546","dem","male"
"547","dem","male"
"548","dem","male"
"549","dem","male"
"550","dem","male"
"551","dem","male"
"552","dem","male"
"553","dem","male"
"554","dem","male"
"555","dem","male"
"556","dem","male"
"557","dem","male"
"558","dem","male"
"559","dem","male"
"560","dem","male"
"561","dem","male"
"562","dem","male"
"563","dem","male"
"564","dem","male"
"565","dem","male"
"566","dem","male"
"567","dem","male"
"568","dem","male"
"569","dem","male"
"570","dem","male"
"571","dem","male"
"572","dem","male"
"573","dem","male"
"574","dem","male"
"575","dem","male"
"576","dem","male"
"577","dem","male"
"578","dem","male"
"579","dem","male"
"580","dem","male"
"581","dem","male"
"582","dem","male"
"583","dem","male"
"584","dem","male"
"585","dem","male"
"586","dem","male"
"587","dem","male"
"588","dem","male"
"589","dem","male"
"590","dem","male"
"591","dem","male"
"592","dem","male"
"593","dem","male"
"594","dem","male"
"595","dem","male"
"596","dem","male"
"597","dem","male"
"598","dem","male"
"599","dem","male"
"600","dem","male"
"601","dem","fem"
"602","dem","fem"
"603","dem","fem"
"604","dem","fem"
"605","dem","fem"
"606","dem","fem"
"607","dem","fem"
"608","dem","fem"
"609","dem","fem"
"610","dem","fem"
"611","dem","fem"
"612","dem","fem"
"613","dem","fem"
"614","dem","fem"
"615","dem","fem"
"616","dem","fem"
"617","dem","fem"
"618","dem","fem"
"619","dem","fem"
"620","dem","fem"
"621","dem","fem"
"622","dem","fem"
"623","dem","fem"
"624","dem","fem"
"625","dem","fem"
"626","dem","fem"
"627","dem","fem"
"628","dem","fem"
"629","dem","fem"
"630","dem","fem"
"631","dem","fem"
"632","dem","fem"
"633","dem","fem"
"634","dem","fem"
"635","dem","fem"
"636","dem","fem"
"637","dem","fem"
"638","dem","fem"
"639","dem","fem"
"640","dem","fem"
"641","dem","fem"
"642","dem","fem"
"643","dem","fem"
"644","dem","fem"
"645","dem","fem"
"646","dem","fem"
"647","dem","fem"
"648","dem","fem"
"649","dem","fem"
"650","dem","fem"
"651","dem","fem"
"652","dem","fem"
"653","dem","fem"
"654","dem","fem"
"655","dem","fem"
"656","dem","fem"
"657","dem","fem"
"658","dem","fem"
"659","dem","fem"
"660","dem","fem"
"661","dem","fem"
"662","dem","fem"
"663","dem","fem"
"664","dem","fem"
"665","dem","fem"
"666","dem","fem"
"667","dem","fem"
"668","dem","fem"
"669","dem","fem"
"670","dem","fem"
"671","dem","fem"
"672","dem","fem"
"673","dem","fem"
"674","dem","fem"
"675","dem","fem"
"676","dem","fem"
"677","dem","fem"
"678","dem","fem"
"679","dem","fem"
"680","dem","fem"
"681","dem","fem"
"682","dem","fem"
"683","dem","fem"
"684","dem","fem"
"685","dem","fem"
"686","dem","fem"
"687","dem","fem"
"688","dem","fem"
"689","dem","fem"
"690","dem","fem"
"691","dem","fem"
"692","dem","fem"
"693","dem","fem"
"694","dem","fem"
"695","dem","fem"
"696","dem","fem"
"697","dem","fem"
"698","dem","fem"
"699","dem","fem"
"700","dem","fem"
"701","dem","fem"
"702","dem","fem"
"703","dem","fem"
"704","dem","fem"
"705","dem","fem"
"706","dem","fem"
"707","dem","fem"
"708","dem","fem"
"709","dem","fem"
"710","dem","fem"
"711","dem","fem"
"712","dem","fem"
"713","dem","fem"
"714","dem","fem"
"715","dem","fem"
"716","dem","fem"
"717","dem","fem"
"718","dem","fem"
"719","dem","fem"
"720","dem","fem"
"721","dem","fem"
"722","dem","fem"
"723","dem","fem"
"724","dem","fem"
"725","dem","fem"
"726","dem","fem"
"727","dem","fem"
"728","dem","fem"
"729","dem","fem"
"730","dem","fem"
"731","dem","fem"
"732","dem","fem"
"733","dem","fem"
"734","dem","fem"
"735","dem","fem"
"736","dem","fem"
"737","dem","fem"
"738","dem","fem"
"739","dem","fem"
"740","dem","fem"
"741","dem","fem"
"742","dem","fem"
"743","dem","fem"
"744","dem","fem"
"745","dem","fem"
"746","dem","fem"
"747","dem","fem"
"748","dem","fem"
"749","dem","fem"
"750","dem","fem"
"751","dem","fem"
"752","dem","fem"
"753","dem","fem"
"754","dem","fem"
"755","dem","fem"
"756","dem","fem"
"757","dem","fem"
"758","dem","fem"
"759","dem","fem"
"760","dem","fem"
"761","dem","fem"
"762","dem","fem"
"763","dem","fem"
"764","dem","fem"
"765","dem","fem"
"766","dem","fem"
"767","dem","fem"
"768","dem","fem"
"769","dem","fem"
"770","dem","fem"
"771","dem","fem"
"772","dem","fem"
"773","dem","fem"
"774","dem","fem"
"775","dem","fem"
"776","dem","fem"
"777","dem","fem"
"778","dem","fem"
"779","dem","fem"
"780","dem","fem"
"781","dem","fem"
"782","dem","fem"
"783","dem","fem"
"784","dem","fem"
"785","dem","fem"
"786","dem","fem"
"787","dem","fem"
"788","dem","fem"
"789","dem","fem"
"790","dem","fem"
"791","dem","fem"
"792","dem","fem"
"793","dem","fem"
"794","dem","fem"
"795","dem","fem"
"796","dem","fem"
"797","dem","fem"
"798","dem","fem"
"799","dem","fem"
"800","dem","fem"
"801","dem","fem"
"802","dem","fem"
"803","dem","fem"
"804","dem","fem"
"805","dem","fem"
"806","dem","fem"
"807","dem","fem"
"808","dem","fem"
"809","dem","fem"
"810","dem","fem"
"811","dem","fem"
"812","dem","fem"
"813","dem","fem"
"814","dem","fem"
"815","dem","fem"
"816","dem","fem"
"817","dem","fem"
"818","dem","fem"
"819","dem","fem"
"820","dem","fem"
"821","dem","fem"
"822","dem","fem"
"823","dem","fem"
"824","dem","fem"
"825","dem","fem"
"826","dem","fem"
"827","dem","fem"
"828","dem","fem"
"829","dem","fem"
"830","dem","fem"
"831","dem","fem"
"832","dem","fem"
"833","dem","fem"
"834","dem","fem"
"835","dem","fem"
"836","dem","fem"
"837","dem","fem"
"838","dem","fem"
"839","dem","fem"
"840","dem","fem"
"841","dem","fem"
"842","dem","fem"
"843","dem","fem"
"844","dem","fem"
"845","dem","fem"
"846","dem","fem"
"847","dem","fem"
"848","dem","fem"
"849","dem","fem"
"850","dem","fem"
"851","dem","fem"
"852","dem","fem"
"853","dem","fem"
"854","dem","fem"
"855","dem","fem"
"856","dem","fem"
"857","dem","fem"
"858","dem","fem"
"859","dem","fem"
"860","dem","fem"
"861","dem","fem"
"862","dem","fem"
"863","dem","fem"
"864","dem","fem"
"865","dem","fem"
"866","dem","fem"
"867","dem","fem"
"868","dem","fem"
"869","dem","fem"
"870","dem","fem"
"871","dem","fem"
"872","dem","fem"
"873","dem","fem"
"874","dem","fem"
"875","dem","fem"
"876","dem","fem"
"877","dem","fem"
"878","dem","fem"
"879","dem","fem"
"880","dem","fem"
"881","dem","fem"
"882","dem","fem"
"883","dem","fem"
"884","dem","fem"
"885","dem","fem"
"886","dem","fem"
"887","dem","fem"
"888","dem","fem"
"889","dem","fem"
"890","dem","fem"
"891","dem","fem"
"892","dem","fem"
"893","dem","fem"
"894","dem","fem"
"895","dem","fem"
"896","dem","fem"
"897","dem","fem"
"898","dem","fem"
"899","dem","fem"
"900","dem","fem"
"901","ind","male"
"902","ind","male"
"903","ind","male"
"904","ind","male"
"905","ind","male"
"906","ind","male"
"907","ind","male"
"908","ind","male"
"909","ind","male"
"910","ind","male"
"911","ind","male"
"912","ind","male"
"913","ind","male"
"914","ind","male"
"915","ind","male"
"916","ind","male"
"917","ind","male"
"918","ind","male"
"919","ind","male"
"920","ind","male"
"921","ind","male"
"922","ind","male"
"923","ind","male"
"924","ind","male"
"925","ind","male"
"926","ind","male"
"927","ind","male"
"928","ind","male"
"929","ind","male"
"930","ind","male"
"931","ind","male"
"932","ind","male"
"933","ind","male"
"934","ind","male"
"935","ind","male"
"936","ind","male"
"937","ind","male"
"938","ind","male"
"939","ind","male"
"940","ind","male"
"941","ind","male"
"942","ind","male"
"943","ind","male"
"944","ind","male"
"945","ind","male"
"946","ind","male"
"947","ind","male"
"948","ind","male"
"949","ind","male"
"950","ind","male"
"951","ind","fem"
"952","ind","fem"
"953","ind","fem"
"954","ind","fem"
"955","ind","fem"
"956","ind","fem"
"957","ind","fem"
"958","ind","fem"
"959","ind","fem"
"960","ind","fem"
"961","ind","fem"
"962","ind","fem"
"963","ind","fem"
"964","ind","fem"
"965","ind","fem"
"966","ind","fem"
"967","ind","fem"
"968","ind","fem"
"969","ind","fem"
"970","ind","fem"
"971","ind","fem"
"972","ind","fem"
"973","ind","fem"
"974","ind","fem"
"975","ind","fem"
"976","ind","fem"
"977","ind","fem"
"978","ind","fem"
"979","ind","fem"
"980","ind","fem"
"981","ind","fem"
"982","ind","fem"
"983","ind","fem"
"984","ind","fem"
"985","ind","fem"
"986","ind","fem"
"987","ind","fem"
"988","ind","fem"
"989","ind","fem"
"990","ind","fem"
"991","ind","fem"
"992","ind","fem"
"993","ind","fem"
"994","ind","fem"
"995","ind","fem"
"996","ind","fem"
"997","ind","fem"
"998","ind","fem"
"999","ind","fem"
"1000","ind","fem"
